date,close,predict
2014-08-27,93.7142,2.05988521726656
2014-08-28,93.8243,2.26875902246809
2014-08-29,94.0537,2.1548869927709102
2014-09-02,94.7878,1.8886415544762614
2014-09-03,90.787,1.7123803014695644
2014-09-04,90.0346,1.420749484369278
2014-09-05,90.8146,1.1748748491461276
2014-09-08,90.2548,1.2881193742637636
2014-09-09,89.9153,1.3166183016057016
2014-09-10,92.6773,1.1518800982067585
2014-09-11,93.0719,1.5458670210454464
2014-09-12,93.2829,1.7633105675207374
2014-09-15,93.2554,1.6690435054330826
2014-09-16,92.5488,1.5702391707344054
2014-09-17,93.2095,1.2888556155091524
2014-09-18,93.4022,1.25411757894516
2014-09-19,92.6406,1.2390223927617072
2014-09-22,92.7323,0.8853866188631653
2014-09-23,94.1822,0.6423511602008343
2014-09-24,93.3655,1.1311074958616494
2014-09-25,89.8052,0.8038774963102341
2014-09-26,92.4479,0.29010066266804935
2014-09-29,91.8606,0.6326642295380831
2014-09-30,92.4479,0.01568982000202127
2014-10-01,91.0073,0.05526833919337764
2014-10-02,91.6679,-0.24902739398586748
2014-10-03,91.411,-0.19954897330909968
2014-10-06,91.411,-0.5424426827311516
2014-10-07,90.6127,-0.2546888370756507
2014-10-08,92.4938,-0.8676104446237086
2014-10-09,92.6957,-1.0454725926462412
2014-10-10,92.4296,-1.4249333781938551
2014-10-13,91.5854,-1.9612799385585786
2014-10-14,90.6127,-1.9976446464354993
2014-10-15,89.5024,-2.0269550339012143
2014-10-16,88.3279,-2.064193024857998
2014-10-17,89.6217,-1.948921719294548
2014-10-20,91.5395,-1.1804344787067176
2014-10-21,94.0262,-1.2384124001159669
2014-10-22,94.5033,-1.085424217963457
2014-10-23,96.1917,-0.8358467205389143
2014-10-24,96.5495,-0.8910494859543442
2014-10-27,96.4486,-0.918451055607438
2014-10-28,97.9443,-1.0892131119464634
2014-10-29,98.4949,-0.6990784690639377
2014-10-30,98.1645,-0.9034284959721566
2014-10-31,99.1005,-1.0688670896834136
2014-11-03,100.3851,-1.0004330321724415
2014-11-04,99.651,-0.380968524441719
2014-11-05,99.8896,-0.8485926959018707
2014-11-06,100.1753,-0.9480887013591527
2014-11-07,100.461,-0.8829162119758129
2014-11-10,100.2951,-0.906889772916913
2014-11-11,101.0969,-0.9323868014198543
2014-11-12,102.5253,-0.5575209057049155
2014-11-13,103.9722,0.2610590768355131
2014-11-14,105.2255,0.6857558587586879
2014-11-17,105.0504,1.0723604884214402
2014-11-18,106.4144,1.1301643512649537
2014-11-19,105.6771,1.537959246874094
2014-11-20,107.1885,1.328288193318844
2014-11-21,107.3359,1.6015180189130305
2014-11-24,109.3265,1.6447082732468843
2014-11-25,108.3773,1.8086906863431933
2014-11-26,109.6675,1.530405064687133
2014-11-28,109.603,1.9328814114058017
2014-12-01,106.0457,1.9249418951067923
2014-12-02,105.6402,1.4399811172742845
2014-12-03,106.8383,1.2625312340995074
2014-12-04,106.4328,1.5296710534057618
2014-12-05,105.9812,1.6765560213103294
2014-12-08,103.5851,1.4827371884841918
2014-12-09,105.1702,1.745450796795368
2014-12-10,103.1704,2.2645862754879
2014-12-11,102.8663,2.100159326566219
2014-12-12,101.1245,2.055433125501871
2014-12-15,99.7422,1.6036711502144336
2014-12-16,98.3782,1.7109054589426518
2014-12-17,100.8296,1.0401296650762557
2014-12-18,103.8155,1.2768071595966817
2014-12-19,103.0138,1.3358310310258867
2014-12-22,104.0828,0.8959182190418243
2014-12-23,103.7141,0.5964427320623994
2014-12-24,103.2257,0.6022269898792506
2014-12-26,105.0504,0.4279008304710388
2014-12-29,104.9767,0.26753734364193676
2014-12-30,103.6957,0.6485008005604148
2014-12-31,101.7235,0.698177047277093
2015-01-02,100.7559,0.6915462750495672
2015-01-05,97.9174,1.2611887063372136
2015-01-06,97.9267,1.1817489313646554
2015-01-07,99.2998,1.8288405973660946
2015-01-08,103.1151,1.8095996882539986
2015-01-09,103.2257,2.151939141776323
2015-01-12,100.6822,1.8133758378286362
2015-01-13,101.5761,1.5851026952083112
2015-01-14,101.189,2.0711073985314368
2015-01-15,98.4427,2.52998741662693
2015-01-16,97.6778,2.4701258207039833
2015-01-20,100.1937,2.4181379937472345
2015-01-21,100.9586,3.1941558689222336
2015-01-22,103.5851,2.9713124091637133
2015-01-23,104.1196,3.118281611694336
2015-01-26,104.2302,3.296880113149166
2015-01-27,100.5808,3.3582679610443114
2015-01-28,106.2669,3.070671914940834
2015-01-29,109.5754,3.7790417154655453
2015-01-30,107.9718,4.09299072032404
2015-02-02,109.3265,3.813973419013023
2015-02-03,109.345,4.169947098398208
2015-02-04,110.1836,4.923509133228302
2015-02-05,110.97,5.395518543720246
2015-02-06,110.0356,5.271317511987686
2015-02-09,110.7665,5.578141006832123
2015-02-10,112.8945,5.728603248324394
2015-02-11,115.5406,5.749285186675072
2015-02-12,117.0024,5.643450268650055
2015-02-13,117.5761,5.750122604291439
2015-02-17,118.27,6.284728656435012
2015-02-18,119.0934,6.133393692169189
2015-02-19,118.8436,6.283175208127975
2015-02-20,119.8151,6.334028662014008
2015-02-23,123.0533,6.433379871213913
2015-02-24,122.2854,6.372240255918502
2015-02-25,119.1582,6.667158430326461
2015-02-26,120.6663,6.3187538337221145
2015-02-27,118.8529,5.799325138958454
2015-03-02,119.4357,5.872616701423644
2015-03-03,119.6855,5.5403727101469045
2015-03-04,118.9269,5.232244413062095
2015-03-05,116.9562,4.819007439522743
2015-03-06,117.132,4.1166235745716095
2015-03-09,117.6316,4.179786982840539
2015-03-10,115.1983,4.018067718883038
2015-03-11,113.098,3.643499976501465
2015-03-12,115.1428,3.461080611410141
2015-03-13,114.3471,3.347016276893377
2015-03-16,115.6054,2.8827774728689195
2015-03-17,117.539,2.6541829466772078
2015-03-18,118.8621,2.666324338158846
2015-03-19,117.9647,2.7445836733856197
2015-03-20,116.4843,2.331016835260391
2015-03-23,117.6963,1.95291460660243
2015-03-24,117.2153,1.973422059072852
2015-03-25,114.1528,1.9471347011108397
2015-03-26,114.9485,1.420994287483692
2015-03-27,114.0325,1.4342274954199792
2015-03-30,116.9192,1.3208938413391111
2015-03-31,115.1243,1.608629104831934
2015-04-01,114.9577,1.2875033597586156
2015-04-02,115.9477,1.7750403002197743
2015-04-06,117.8259,1.7692199503551722
2015-04-07,116.5861,1.967340126210928
2015-04-08,116.2067,1.3230280733083486
2015-04-09,117.095,1.5546286002635954
2015-04-10,117.5946,1.6004990255327227
2015-04-13,117.3633,1.5409511255210637
2015-04-14,116.8544,1.6798171039276122
2015-04-15,117.2985,1.6942926186168195
2015-04-16,116.7341,1.7109916386802198
2015-04-17,115.4203,1.6220873575693369
2015-04-20,118.0572,1.797216708333492
2015-04-21,117.4188,2.179284326870442
2015-04-22,119.0009,1.8566740015207528
2015-04-23,119.9724,2.126103233765602
2015-04-24,120.5368,2.112200286458969
2015-04-27,122.7295,2.3941844838726523
2015-04-28,120.7958,2.0361100079796315
2015-04-29,119.0194,2.031987223683357
2015-04-30,115.7904,2.1127567535190583
2015-05-01,119.3062,1.9107693327860833
2015-05-04,119.0749,2.4928170129134655
2015-05-05,116.3918,2.4293473238873484
2015-05-06,115.6609,2.5487757595705984
2015-05-07,116.3763,2.3416383089089394
2015-05-08,118.5689,2.6227221742026807
2015-05-11,117.3611,2.8991563754310605
2015-05-12,116.943,2.5465757523965835
2015-05-13,117.0731,2.459579470438957
2015-05-14,119.8046,2.117924396223068
2015-05-15,119.6373,2.6412107256946564
2015-05-18,120.9566,2.1672135822768213
2015-05-19,120.8452,2.2616620184030536
2015-05-20,120.8358,2.280660976762533
2015-05-21,122.0715,2.3528527944874766
2015-05-22,123.14,2.5002657269001007
2015-05-26,120.427,2.499623186173439
2015-05-27,122.6754,2.3325121425819395
2015-05-28,122.4338,2.5110648398981095
2015-05-29,121.0403,3.0714471332678794
2015-06-01,121.2818,2.6558378494558337
2015-06-02,120.7429,2.455621176400423
2015-06-03,120.8916,2.7523359106721874
2015-06-04,120.1855,2.717421564706564
2015-06-05,119.5258,2.3044491279034616
2015-06-08,118.7361,1.9159912632561922
2015-06-09,118.3831,1.4448064545340538
2015-06-10,119.7395,1.2048470588833096
2015-06-11,119.4701,0.9813167753133775
2015-06-12,118.1508,0.5921869746236801
2015-06-15,117.9185,0.411111122623533
2015-06-16,118.5503,0.17094845167712866
2015-06-17,118.2716,0.24780441543883086
2015-06-18,118.8104,0.0109659365317747
2015-06-19,117.6212,0.2858774783809781
2015-06-22,118.5596,0.11161745839494466
2015-06-23,118.0207,0.6069952194406987
2015-06-24,119.0241,0.29693119050961736
2015-06-25,118.4574,0.41787341564673186
2015-06-26,117.7606,0.054137443574622274
2015-06-29,115.698,-0.07392457566931843
2015-06-30,116.5342,-0.6755424980165958
2015-07-01,117.6212,-0.7045760596346855
2015-07-02,117.4726,-0.5497783436361552
2015-07-06,117.0638,-0.6676897703742981
2015-07-07,116.7758,-0.7091299954351187
2015-07-08,113.8771,-0.36622151356136795
2015-07-09,111.5544,-0.685067914858818
2015-07-10,114.5367,-1.0844191316417455
2015-07-13,116.7479,-0.1976684309269637
2015-07-14,116.7014,0.24264605513596535
2015-07-15,117.8256,0.028942026190727946
2015-07-16,119.3958,0.3404888177706599
2015-07-17,120.427,0.795667031095028
2015-07-20,122.7033,0.9887580635769367
2015-07-21,121.4769,1.4201088748733997
2015-07-22,116.3391,1.8166765982390642
2015-07-23,116.2834,1.7645324435608387
2015-07-24,115.6702,2.4638708119935986
2015-07-27,114.0629,2.80257904616785
2015-07-28,114.6296,2.9635283050842287
2015-07-29,114.2673,3.40411914098382
2015-07-30,113.6912,3.75532981426239
2015-07-31,112.6971,3.835485211667061
2015-08-03,110.04,4.157636386871339
2015-08-04,106.5095,4.456793254609108
2015-08-05,107.2156,4.741845225305557
2015-08-06,107.4489,5.744524279741287
2015-08-07,107.8129,6.077535617368698
2015-08-10,111.7327,6.162218623513221
2015-08-11,105.9183,6.325261204713821
2015-08-12,107.5516,6.1331672841606135
2015-08-13,107.4676,6.223746327919007
2015-08-14,108.2235,6.306713480958939
2015-08-17,109.3434,6.380098274027825
2015-08-18,108.7275,5.734073892903329
2015-08-19,107.3369,5.770145045757771
2015-08-20,105.1343,5.2953577026395795
2015-08-21,98.704,4.809870537261963
2015-08-24,96.2402,4.818527426111221
2015-08-25,96.8188,4.496981632465363
2015-08-26,102.3718,4.894396386733055
2015-08-27,105.3863,4.949444278604508
2015-08-28,105.7316,4.613918133264542
2015-08-31,105.237,3.8493428851532934
2015-09-01,100.5332,3.332463991408348
2015-09-02,104.845,2.650762938189507
2015-09-03,103.0064,2.858062756851196
2015-09-04,101.9798,2.382591891237259
2015-09-08,104.817,1.704150411400795
2015-09-09,102.8011,1.534911140233517
2015-09-10,105.0597,0.9959458067395092
2015-09-11,106.5903,0.39136951692768934
2015-09-14,107.6169,0.12597992530171573
2015-09-15,108.5221,-0.22900182372926176
2015-09-16,108.6435,-1.1314241105157137
2015-09-17,106.3196,-1.1498538818655013
2015-09-18,105.881,-1.9763337632787228
2015-09-21,107.5235,-2.2166836787605284
2015-09-22,105.8343,-1.899191333697796
2015-09-23,106.6929,-2.273032794022322
2015-09-24,107.3276,-2.1216418515200615
2015-09-25,107.0569,-2.3298806431915757
2015-09-28,104.9383,-2.4324253418152333
2015-09-29,101.7838,-2.775875732659817
2015-09-30,102.9411,-2.3289575175611974
2015-10-01,102.2692,-2.326071637701988
2015-10-02,103.0158,-2.2692809550991058
2015-10-05,103.3891,-1.8427597565506695
2015-10-06,103.8837,-2.069570469839573
2015-10-07,103.3891,-1.5621271320962904
2015-10-08,102.1945,-1.5846111581218245
2015-10-09,104.6397,-1.5057942337135077
2015-10-12,104.1544,-1.1121319245643615
2015-10-13,104.3317,-1.1341405648354292
2015-10-14,102.8571,-0.7265797108059526
2015-10-15,104.397,-0.450921967894435
2015-10-16,103.6318,0.5678913698604107
2015-10-19,104.2757,0.5439786944003702
2015-10-20,106.1796,1.3211008769659995
2015-10-21,106.1703,1.928491685300231
2015-10-22,107.7942,2.2755363987965582
2015-10-23,111.1354,2.3600665917692187
2015-10-26,107.5889,2.782080132214546
2015-10-27,106.9076,3.5524946388473513
2015-10-28,111.3127,3.7767463684003353
2015-10-29,112.4886,4.690076329370499
2015-10-30,111.5273,5.490297904090881
2015-11-02,113.0952,5.845949837768555
2015-11-03,114.3925,6.280850002849101
2015-11-04,113.8605,6.712545544087886
2015-11-05,113.3357,7.011972525366307
2015-11-06,113.4669,7.055224061127663
2015-11-09,113.0076,7.290070942085266
2015-11-10,109.446,7.488969596271514
2015-11-11,108.8273,7.543201829055786
2015-11-12,108.4618,7.303546829874039
2015-11-13,105.2938,7.204779195991517
2015-11-16,107.0184,7.242518617183686
2015-11-17,106.5591,6.927476625300407
2015-11-18,109.9333,7.051716869947434
2015-11-19,111.3299,7.024474417974472
2015-11-20,111.8173,6.395998378550052
2015-11-23,110.3645,6.210513906428814
2015-11-24,111.4236,5.650935875793457
2015-11-25,110.6269,5.310442732774735
2015-11-27,110.4207,4.57031849740076
2015-11-30,110.88,4.276597048187256
2015-12-01,109.9802,4.011261690525532
2015-12-02,108.9867,3.2512928732914923
2015-12-03,107.9744,2.658973190246582
2015-12-04,111.5642,2.209197405587435
2015-12-07,110.8612,1.6944035763111114
2015-12-08,110.8144,0.7804747209091186
2015-12-09,108.3681,0.5400213836458325
2015-12-10,108.8836,0.03197428907215596
2015-12-11,106.0811,0.0945084155819863
2015-12-14,105.425,-0.3412660776078701
2015-12-15,103.5598,-0.4678218703802824
2015-12-16,104.3565,-0.7900772000455857
2015-12-17,102.1446,-0.6823478892019987
2015-12-18,99.3796,-0.7611881187222004
2015-12-21,100.598,-1.0961986410188675
2015-12-22,100.5043,-1.0428824985918999
2015-12-23,101.7978,-1.0748936264970304
2015-12-24,101.2541,-1.1136763511162995
2015-12-28,100.12,-1.261954071521759
2015-12-29,101.9196,-1.291559305036068
2015-12-30,100.5887,-1.6438153560090065
2015-12-31,98.6579,-1.4100316963328123
2016-01-04,98.7422,-1.3951175681545736
2016-01-05,96.2678,-1.1727354567213057
2016-01-06,94.3839,-0.6385118302565217
2016-01-07,90.4005,-0.7712415293723345
2016-01-08,90.8785,-0.5101222899878025
2016-01-11,92.35,-0.275056202545762
2016-01-12,93.6903,0.06612299616491049
2016-01-13,91.2815,0.5620829882675409
2016-01-14,93.2779,0.5090940158150792
2016-01-15,91.0378,0.5491180499396324
2016-01-19,90.5973,0.6028448278126717
2016-01-20,90.7191,0.6732038390167951
2016-01-21,90.2599,0.7552209582805038
2016-01-22,95.0587,1.1122684520606996
2016-01-25,93.2029,1.2870444250692128
2016-01-26,93.7184,1.2358155656929017
2016-01-27,87.5605,1.4165414497923852
2016-01-28,88.1885,0.9532224121588468
2016-01-29,91.2346,1.3513682906358242
2016-02-01,90.3817,1.4893742703576087
2016-02-02,88.554,1.8304769746112826
2016-02-03,90.3067,1.406969852915287
2016-02-04,91.0324,1.507045663728714
2016-02-05,88.6011,2.160530154589176
2016-02-08,89.534,1.8172272336816788
2016-02-09,89.5151,2.111950364927769
2016-02-10,88.8367,1.9984595422708986
2016-02-11,88.2995,2.106586423074007
2016-02-12,88.5728,1.6135489437103272
2016-02-16,91.07,1.595609777867794
2016-02-17,92.4648,1.407529487165451
2016-02-18,90.712,1.3005405079746248
2016-02-19,90.5046,1.2503961455426216
2016-02-22,91.2962,0.8739215549399852
2016-02-23,89.2324,1.1571858832435609
2016-02-24,90.5612,0.8258263266944885
2016-02-25,91.1831,0.8889601359202861
2016-02-26,91.3245,1.0431212790691853
2016-02-29,91.1172,0.8493766836776733
2016-03-01,94.7358,0.4223266404599547
2016-03-02,94.9432,0.8164999891080856
2016-03-03,95.6499,0.6215783770304918
2016-03-04,97.0729,0.28065374375376106
2016-03-07,95.9986,0.3979399440000057
2016-03-08,95.207,0.5065182693320512
2016-03-09,95.2919,0.07922979001224041
2016-03-10,95.3389,-0.09593413678355514
2016-03-11,96.3661,-0.015409573220571505
2016-03-14,96.6111,-0.061836570285513995
2016-03-15,98.5524,-0.3174556798850298
2016-03-16,99.8623,-0.7675530531811715
2016-03-17,99.7021,-0.556599581775248
2016-03-18,99.8152,-0.6095542437233925
2016-03-21,99.8058,-0.995029955880046
2016-03-22,100.5691,-0.9823395116961002
2016-03-23,100.0131,-0.8122912068486214
2016-03-24,99.5796,-0.9291925461344719
2016-03-28,99.1273,-1.1609820466723442
2016-03-29,101.4737,-1.283001291242838
2016-03-30,103.2454,-1.3766786058335305
2016-03-31,102.7082,-1.4131590938093663
2016-04-01,103.6506,-1.4984298221690653
2016-04-04,104.7155,-1.797792377433777
2016-04-05,103.481,-1.8437418402576446
2016-04-06,104.5647,-1.9706776129667758
2016-04-07,102.2842,-2.0894852409558298
2016-04-08,102.3973,-1.9697927872972487
2016-04-11,102.7365,-2.2002013454568385
2016-04-12,104.0747,-2.2975373181471825
2016-04-13,105.5825,-2.0646246369719505
2016-04-14,105.639,-2.121343845820427
2016-04-15,103.5187,-1.9937142590429782
2016-04-18,101.2853,-1.9904521422402859
2016-04-19,100.7481,-2.0858350969276427
2016-04-20,100.9555,-2.0618274005675317
2016-04-21,99.8623,-1.9837318768483403
2016-04-22,99.589,-1.7548862430262566
2016-04-25,99.0236,-1.5945265708599092
2016-04-26,98.3357,-1.3295034683612585
2016-04-27,92.182,-1.0533285096216203
2016-04-28,89.3644,-1.1701151551122666
2016-04-29,88.3372,-1.299080447443962
2016-05-02,88.243,-1.4807377136564253
2016-05-03,89.6942,-1.5427202709076402
2016-05-04,88.7613,-1.9139769020447732
2016-05-05,88.401,-2.2422995645785333
2016-05-06,87.908,-2.52559906332016
2016-05-09,87.9743,-2.9203158807766436
2016-05-10,88.5716,-3.017290682806015
2016-05-11,87.7089,-3.2071644725189206
2016-05-12,85.6515,-3.158994331995249
2016-05-13,85.8221,-3.4273405478963856
2016-05-16,89.0078,-3.6076439953145982
2016-05-17,88.638,-3.205641787862778
2016-05-18,89.6525,-3.2488243377506736
2016-05-19,89.3112,-3.2371475049762726
2016-05-20,90.2782,-3.3308898226146697
2016-05-23,91.4254,-3.1878212423453327
2016-05-24,92.8191,-3.454835672612429
2016-05-25,94.4499,-3.3601393040156364
2016-05-26,95.1989,-3.1600589109444615
2016-05-27,95.142,-3.142553617930412
2016-05-31,94.6774,-3.044855056008339
2016-06-01,93.3501,-3.1050192689015863
2016-06-02,92.6485,-2.9603494609284398
2016-06-03,92.8381,-3.1353235612254142
2016-06-06,93.5112,-2.901506212503433
2016-06-07,93.8905,-2.5063955866861343
2016-06-08,93.8052,-1.9959024948177337
2016-06-09,94.4783,-1.4515098272196056
2016-06-10,93.7009,-0.8321939658793808
2016-06-13,92.2882,-0.558747001660943
2016-06-14,92.402,-0.7052125458478927
2016-06-15,92.0986,-0.5801920263403655
2016-06-16,92.4873,-0.2470631045275927
2016-06-17,90.3825,0.13671303052939474
2016-06-20,90.1644,0.24780095552015305
2016-06-21,90.9324,0.5997872554943562
2016-06-22,90.5911,0.8940278815140723
2016-06-23,91.1125,1.0120396602749824
2016-06-24,88.5527,0.8353969047158957
2016-06-27,87.2633,0.855698301898837
2016-06-28,88.7328,0.6173148738784789
2016-06-29,89.5008,0.18191378207588194
2016-06-30,90.6385,0.4917325723534822
2016-07-01,90.9134,0.25196922926330567
2016-07-05,90.0602,0.33787785245651003
2016-07-06,90.5721,0.4559720977166892
2016-07-07,90.9609,0.40151764284744856
2016-07-08,91.6624,0.5874406245002747
2016-07-11,91.9469,0.6971383721631765
2016-07-12,92.364,0.8726331786060334
2016-07-13,91.8426,1.0558881376883984
2016-07-14,93.6629,0.9568417708483934
2016-07-15,93.6535,0.9132773344293236
2016-07-18,94.649,1.0320947633254527
2016-07-19,94.6869,1.0671124214479923
2016-07-20,94.7722,0.9086988613750934
2016-07-21,94.2697,1.0759442158659696
2016-07-22,93.5397,1.0604546848579646
2016-07-25,92.2882,1.166797611908436
2016-07-26,91.653,1.5576145138657094
2016-07-27,97.607,1.5036301772761345
2016-07-28,98.9249,1.5040429053373336
2016-07-29,98.8017,1.5246310571451187
2016-08-01,100.5462,1.4226462276821135
2016-08-02,99.0576,1.299104597694397
2016-08-03,100.2996,1.5543946952776908
2016-08-04,100.9193,1.718094043407798
2016-08-05,102.454,1.7594736230301857
2016-08-08,103.3024,2.161070206893921
2016-08-09,103.7218,1.8437258787908555
2016-08-10,102.9496,1.958109686279297
2016-08-11,102.8829,1.77960301937449
2016-08-12,103.1212,1.8681551835479737
2016-08-15,104.3604,1.6437579609460828
2016-08-16,104.2651,1.534015134359479
2016-08-17,104.1126,1.438253767235756
2016-08-18,103.9791,1.1623009364233017
2016-08-19,104.2461,0.9009948302078247
2016-08-22,103.4358,0.8153449924421311
2016-08-23,103.7599,0.7261088266463279
2016-08-24,102.9782,0.36040613924199344
2016-08-25,102.5398,0.010654173096308483
2016-08-26,101.9392,-0.14503122269439697
2016-08-29,101.8248,-0.4470792829155922
2016-08-30,101.0432,-0.6910846120758056
2016-08-31,101.1385,-0.8646847017475962
2016-09-01,101.739,-0.9322667774820329
2016-09-02,102.6923,-1.0304722871450185
2016-09-06,102.6637,-1.2447918307130337
2016-09-07,103.2928,-1.5354199154586792
2016-09-08,100.5856,-1.7525839999542236
2016-09-09,98.3074,-2.0147642126607894
2016-09-12,100.5094,-2.664264823554516
2016-09-13,102.902,-3.097567313861847
2016-09-14,106.5434,-3.182657609446526
2016-09-15,110.1656,-3.6588397521705627
2016-09-16,109.5461,-4.044383411957264
2016-09-19,108.2687,-4.374621781834126
2016-09-20,108.2592,-5.0160280462646485
2016-09-21,108.2401,-5.363667453053474
2016-09-22,109.2601,-5.553271162899971
2016-09-23,107.4394,-5.642772461843491
2016-09-26,107.6014,-5.760700450194358
2016-09-27,107.8016,-5.872366981445313
2016-09-28,108.6214,-5.970840902104377
2016-09-29,106.9342,-5.662507096022606
2016-09-30,107.7635,-5.96336274291277
2016-10-03,107.2583,-5.953746742451191
2016-10-04,107.7158,-5.9593620273923875
2016-10-05,107.7635,-5.912344509148597
2016-10-06,108.5642,-6.140040835490226
2016-10-07,108.7263,-5.780962759078502
2016-10-10,110.6232,-6.009364149318696
2016-10-11,110.8615,-5.969700136477948
2016-10-12,111.8529,-5.874330671330452
2016-10-13,111.5097,-5.845730997978688
2016-10-14,112.1293,-5.933503801374435
2016-10-17,112.0531,-5.778055883686543
2016-10-18,111.9768,-5.912390225452423
2016-10-19,111.6432,-5.806572120552063
2016-10-20,111.586,-5.870083106870651
2016-10-21,111.1475,-5.323512063944339
2016-10-24,112.1484,-4.951958775770187
2016-10-25,112.7203,-4.6237240859999655
2016-10-26,110.1847,-4.076631410226345
2016-10-27,109.1266,-3.608567586230278
2016-10-28,108.4022,-3.5370697222471232
2016-10-31,108.2306,-3.2898267485113144
2016-11-01,106.2764,-2.7671056219844816
2016-11-02,106.3718,-2.5405450980176925
2016-11-03,105.2316,-2.043787755569458
2016-11-04,104.2831,-1.9187543761454822
2016-11-07,105.7873,-1.8159342626658679
2016-11-08,106.4101,-1.5956693403972386
2016-11-09,106.2376,-1.0276210417366027
2016-11-10,103.277,-0.5161623143365979
2016-11-11,103.8902,-0.6188777872025966
2016-11-14,101.2841,0.14419429488348962
2016-11-15,102.6255,0.5392970631802082
2016-11-16,105.3849,1.260355267144203
2016-11-17,105.3466,1.8756798189015387
2016-11-18,105.452,2.6605119753456115
2016-11-21,107.0521,2.631480170742512
2016-11-22,107.1191,2.838797994625807
2016-11-23,106.573,3.437214943728447
2016-11-25,107.1095,3.3660663680922984
2016-11-28,106.8988,3.7158214784355166
2016-11-29,106.7934,3.711701994114876
2016-11-30,105.8927,4.015829439442873
2016-12-01,104.9058,4.029754510282516
2016-12-02,105.2987,4.222447482706547
2016-12-05,104.5417,4.666008439098358
2016-12-06,105.3466,4.822249516318321
2016-12-07,106.3814,4.823589267397881
2016-12-08,107.4257,4.74252292374897
2016-12-09,109.1791,5.1768883062343605
2016-12-12,108.5563,5.205632872470855
2016-12-13,110.3672,5.416953209262848
2016-12-14,110.3672,5.525765170780181
2016-12-15,110.9708,4.906545576492309
2016-12-16,111.1145,4.716371694273949
2016-12-19,111.7565,4.533981634120941
2016-12-20,112.0535,4.622129399654865
2016-12-21,112.1589,4.471823196134806
2016-12-22,111.4211,4.555504828722953
2016-12-23,111.6415,4.56728419827938
2016-12-27,112.3505,4.401014243130684
2016-12-28,111.8715,4.314596620824337
2016-12-29,111.8427,3.9596997813663477
2016-12-30,110.9708,3.736682480576515
2017-01-03,111.287,3.148645662779808
2017-01-04,111.1624,2.9869546657981876
2017-01-05,111.7277,2.625239632717609
2017-01-06,112.9733,2.4345172112693785
2017-01-09,114.0081,2.0559721063957217
2017-01-10,114.123,1.5756362561345103
2017-01-11,114.7363,1.1573192224740982
2017-01-12,114.2572,0.10435888064554334
2017-01-13,114.056,-0.7769938280296326
2017-01-17,114.9758,-1.81568882129097
2017-01-18,114.9662,-2.338593322417259
2017-01-19,114.765,-2.9585276788115498
2017-01-20,114.9758,-3.5932788386154173
2017-01-23,115.0524,-4.037285069927216
2017-01-24,114.9471,-4.183670877212048
2017-01-25,116.7771,-4.811148452293396
2017-01-26,116.8346,-5.246653784798622
2017-01-27,116.8442,-5.793726793061256
2017-01-30,116.5376,-6.423669305664062
2017-01-31,116.2693,-6.780178870597839
2017-02-01,123.3594,-7.5959065598459246
2017-02-02,123.1487,-7.056149238420963
2017-02-03,123.6756,-7.407216330745697
2017-02-06,124.835,-7.65400713019371
2017-02-07,126.023,-8.10331894560814
2017-02-08,126.5117,-7.672152859176159
2017-02-09,127.4259,-8.151601707841873
2017-02-10,127.1372,-7.4472968071136485
2017-02-13,128.2631,-6.972000307423592
2017-02-14,129.9278,-6.62768315113163
2017-02-15,130.3993,-5.880997536198617
2017-02-16,130.2454,-5.2631102689170834
2017-02-17,130.6014,-4.634816412441731
2017-02-21,131.5445,-3.9745626420068745
2017-02-22,131.939,-3.1021458155274386
2017-02-23,131.3809,-2.539623296209097
2017-02-24,131.506,-2.014668399631977
2017-02-27,131.7658,-1.338942728919268
2017-02-28,131.8235,-0.41724822084113955
2017-03-01,134.5179,0.5917056505122185
2017-03-02,133.7192,0.7751950605087281
2017-03-03,134.5083,1.1823150600192547
2017-03-06,134.0849,1.8260927848474982
2017-03-07,134.2581,2.231588648502231
2017-03-08,133.7577,2.7115516987166406
2017-03-09,133.4498,2.9771930605096824
2017-03-10,133.8924,3.557264498445511
2017-03-13,133.9502,3.9521607460589405
2017-03-14,133.7481,4.050103722385168
2017-03-15,135.1627,4.124811832090855
2017-03-16,135.384,3.983780549755096
2017-03-17,134.7104,4.053394589263916
2017-03-20,136.125,3.702649694681168
2017-03-21,134.566,3.2897526512622837
2017-03-22,136.0864,3.0070192400131224
2017-03-23,135.6053,2.631696010254383
2017-03-24,135.3359,2.255575531607628
2017-03-27,135.5668,2.032897423652172
2017-03-28,138.3767,1.5754645534796714
2017-03-29,138.6846,1.4031348036961555
2017-03-30,138.5018,1.0400462163746358
2017-03-31,138.242,0.5510067555004358
2017-04-03,138.2805,0.2562518271497637
2017-04-04,139.3101,-0.09335272605664283
2017-04-05,138.5884,-0.1307483704431355
2017-04-06,138.242,-0.33324532564342024
2017-04-07,137.934,-0.23847566502571105
2017-04-10,137.7704,-0.39323659407567974
2017-04-11,136.2885,0.05998760364409536
2017-04-12,136.4521,-0.021787767216337843
2017-04-13,135.7304,0.2917502838233709
2017-04-17,136.481,0.5842829567086697
2017-04-18,135.8747,0.8672620532976388
2017-04-19,135.3743,1.4199466920588018
2017-04-20,137.068,1.679758355741501
2017-04-21,136.9044,2.217171547021866
2017-04-24,138.2227,2.60170609565711
2017-04-25,139.0791,3.1696820524091724
2017-04-26,138.2612,2.998012416306496
2017-04-27,138.3671,3.295442099857569
2017-04-28,138.2323,3.4889314117236143
2017-05-01,141.0518,3.991900013571262
2017-05-02,141.9468,4.72863418107605
2017-05-03,141.5137,4.861392290489674
2017-05-04,141.0037,5.236081999617338
2017-05-05,143.3421,5.1976230603311055
2017-05-08,147.2393,5.792338619223117
2017-05-09,148.1824,5.911123243507385
2017-05-10,147.4799,6.088398223852157
2017-05-11,148.7553,6.1822172732434275
2017-05-12,150.8328,6.44993133769226
2017-05-15,150.4463,6.452039973591805
2017-05-16,150.2241,6.487101893966675
2017-05-17,145.1802,6.486046195126534
2017-05-18,147.3929,6.100262416528225
2017-05-19,147.8954,6.3056638546438215
2017-05-22,148.794,5.990381909093858
2017-05-23,148.6104,5.523163334506989
2017-05-24,148.1659,4.862417413313627
2017-05-25,148.678,4.639112514014244
2017-05-26,148.4268,4.567310479891777
2017-05-30,148.4848,3.8193682423553468
2017-05-31,147.6055,3.3958642935800554
2017-06-01,148.0113,2.8326437899582384
2017-06-02,150.2047,3.1256371078939442
2017-06-05,148.736,2.95740507232666
2017-06-06,149.2385,2.2486662022709845
2017-06-07,150.1274,1.879731739219904
2017-06-08,149.7603,2.0597343537232877
2017-06-09,143.953,2.129722250277996
2017-06-12,140.5132,1.2056319556002617
2017-06-13,141.6437,1.236240621917665
2017-06-14,140.2619,1.3725752326481342
2017-06-15,139.4213,1.7810559634693863
2017-06-16,137.4695,1.5258264178061487
2017-06-19,141.4021,1.5323269399991033
2017-06-20,140.117,2.507341264128685
2017-06-21,140.948,2.158305903453827
2017-06-22,140.7161,2.5652130051594977
2017-06-23,141.3442,2.2786192912223338
2017-06-26,140.8997,2.7602775161522626
2017-06-27,138.8802,2.7154880909979346
2017-06-28,140.9093,2.984782540656805
2017-06-29,138.8319,3.9849857747282975
2017-06-30,139.1604,3.522762388830185
2017-07-03,138.658,3.9890509515285486
2017-07-05,139.2281,3.9755873352291586
2017-07-06,137.914,4.324436769161224
2017-07-07,139.315,3.511907815742493
2017-07-10,140.1653,4.11762035815239
2017-07-11,140.6195,4.561742116763591
2017-07-12,140.8224,4.098756219177246
2017-07-13,142.7839,3.9607578814122673
2017-07-14,144.011,4.053067840704918
2017-07-17,144.5135,4.241400854713917
2017-07-18,145.016,3.1712762754821773
2017-07-19,145.9242,2.9283343872742655
2017-07-20,145.2672,2.724353806777954
2017-07-21,145.1995,2.3293566809964177
2017-07-24,146.9581,1.743773937276125
2017-07-25,147.5862,1.8317914879596233
2017-07-26,148.2819,2.0166906030335428
2017-07-27,145.4798,1.3322578414390087
2017-07-28,144.4555,0.8629345503312349
2017-07-31,143.7115,0.7878274014183879
2017-08-01,144.987,0.3211199471095204
2017-08-02,151.8377,-0.45412770855957274
2017-08-03,150.3207,-0.061285051974367344
2017-08-04,151.113,-0.9531382227319479
2017-08-07,153.4514,-1.5120771093792917
2017-08-08,154.6785,-1.6829930762904883
2017-08-09,155.6254,-1.3940416776499749
2017-08-10,150.6685,-1.9163942286813258
2017-08-11,152.7638,-2.7933817395699028
2017-08-14,155.0628,-2.698783516480923
2017-08-15,156.7604,-2.6114045905227665
2017-08-16,156.1299,-2.5287331810383797
2017-08-17,153.1324,-2.7511589669971466
2017-08-18,152.7832,-2.27679370698452
2017-08-21,152.5019,-2.0238485923386813
2017-08-22,154.9949,-1.9169624420938494
2017-08-23,155.1889,-1.4248877097913026
2017-08-24,154.5002,-1.2605192882431746
2017-08-25,155.0725,-1.006970284087956
2017-08-28,156.6343,-0.8415704982597828
2017-08-29,158.0312,-0.054509312183916574
2017-08-30,158.458,-0.37828099601447585
2017-08-31,159.0886,-0.062332441535867755
2017-09-01,159.137,0.6243448334461451
2017-09-05,157.226,0.7894589086651801
2017-09-06,157.0611,0.8952949730057718
2017-09-07,156.4306,0.9678130416688918
2017-09-08,153.8793,1.9560781681734323
2017-09-11,156.6634,2.049098580895662
2017-09-12,156.0426,2.4228655181257723
2017-09-13,154.8688,2.55049798695755
2017-09-14,153.5398,2.5880253851625925
2017-09-15,155.0919,2.5407126168773173
2017-09-18,153.9181,3.339712431362629
2017-09-19,153.9764,3.380654126637459
2017-09-20,151.396,3.64605928360939
2017-09-21,148.7963,3.6346375065414906
2017-09-22,147.3412,3.8795389604978556
2017-09-25,146.0413,4.071871502618075
2017-09-26,148.5538,4.088818404512882
2017-09-27,149.6111,4.240858363333702
2017-09-28,148.6896,4.1318422777519235
2017-09-29,149.5044,3.8710535015602114
2017-10-02,149.2037,3.5606579031815526
2017-10-03,149.8536,3.842197551160812
2017-10-04,148.8836,3.7530469540967943
2017-10-05,150.7364,3.24911653534317
2017-10-06,150.6491,3.6824717374708653
2017-10-09,151.1729,3.016960451289296
2017-10-10,151.2311,2.96263490360868
2017-10-11,151.8616,2.8436014938449863
2017-10-12,151.3281,3.344597129443646
2017-10-13,152.2885,3.190240428402424
2017-10-16,155.0919,3.5590293903551107
2017-10-17,155.6643,3.968791949365139
2017-10-18,154.9755,4.041142575169802
2017-10-19,151.3087,4.238587238357782
2017-10-20,151.5706,4.444600966487885
2017-10-23,151.493,5.3725204080867766
2017-10-24,152.3952,5.467359614570618
2017-10-25,151.7258,5.575005698680401
2017-10-26,152.6959,5.612272874492168
2017-10-27,158.167,6.020205191373825
2017-10-30,161.7271,6.477145091310025
2017-10-31,163.9776,6.659880753204345
2017-11-01,161.892,7.1724058724212645
2017-11-02,163.0755,7.134298070697785
2017-11-03,167.334,7.846367278547287
2017-11-06,169.0316,8.118817414424896
2017-11-07,169.5748,8.497125848056793
2017-11-08,170.962,8.323706831569671
2017-11-09,170.6128,8.87005513645172
2017-11-10,170.0481,9.577440578789234
2017-11-13,169.3666,9.59088346966362
2017-11-14,166.8062,9.864558411811828
2017-11-15,164.606,9.611728527832032
2017-11-16,166.5726,9.776337245595931
2017-11-17,165.6477,9.606277848458289
2017-11-20,165.4822,9.426001208914757
2017-11-21,168.5586,9.107531199754716
2017-11-22,170.3304,9.262685265174865
2017-11-24,170.3402,9.43364595602131
2017-11-27,169.4834,8.884042803741455
2017-11-28,168.4905,8.410077806038856
2017-11-29,164.9955,7.6651896129155155
2017-11-30,167.3027,6.99851859607315
2017-12-01,166.5239,6.863715319978237
2017-12-04,165.307,6.152779554219245
2017-12-05,165.1512,5.482398390443802
2017-12-06,164.5379,5.025246213497162
2017-12-07,164.8397,4.773939917015076
2017-12-08,164.8884,4.206295809622764
2017-12-11,168.101,3.821791807863712
2017-12-12,167.1567,3.7090411538715364
2017-12-13,167.7116,2.8283237034201623
2017-12-14,167.6629,2.80757800041461
2017-12-15,169.3666,2.041321071702719
2017-12-18,171.7518,2.0555634089205266
2017-12-19,169.9215,1.8756333183681966
2017-12-20,169.7366,1.0537207970438005
2017-12-21,170.3791,0.4533877545804083
2017-12-22,170.3791,0.36466141885745523
2017-12-26,166.0566,0.5723984012387394
2017-12-27,166.0858,-0.13877011608436704
2017-12-28,166.5531,0.696661194693625
2017-12-29,164.7521,0.9163623220396638
2018-01-02,167.7019,0.7136762998287081
2018-01-03,167.6727,1.1468381191949844
2018-01-04,168.4515,1.3188160903528334
2018-01-05,170.3694,1.2747819401328564
2018-01-08,169.7366,1.3533136230722667
2018-01-09,169.7171,1.885393813517928
2018-01-10,169.6782,1.5794443148159982
2018-01-11,170.642,1.7943870205068588
2018-01-12,172.4041,2.0524036410750153
2018-01-16,171.5279,2.192715042448163
2018-01-17,174.3609,2.3844141078042984
2018-01-18,174.5166,2.416029672241688
2018-01-19,173.7378,2.5912479581186774
2018-01-22,172.3165,2.863077021090388
2018-01-23,172.3554,2.719866336507082
2018-01-24,169.61,3.259181857728959
2018-01-25,166.5823,3.6823454326241016
2018-01-26,166.9717,4.0814794444930556
2018-01-29,163.5157,4.643216908686162
2018-01-30,162.5519,5.213328188581943
2018-01-31,162.9997,5.475690338588715
2018-02-01,163.3404,5.646767615261077
2018-02-02,156.2531,5.923781722823382
2018-02-05,152.3492,5.223518517648697
2018-02-06,158.7161,5.228597852537871
2018-02-07,155.3184,5.7175428417434695
2018-02-08,151.0446,5.585945422802926
2018-02-09,152.8921,5.003303264553786
2018-02-12,159.0504,5.039005220237732
2018-02-13,160.6438,6.191491792479514
2018-02-14,163.6056,5.284955905145646
2018-02-15,169.0992,4.913877845214844
2018-02-16,168.5518,5.077044378690243
2018-02-20,167.9848,4.478382866067887
2018-02-21,167.2224,3.8627049794769284
2018-02-22,168.6202,3.3806470567283635
2018-02-23,171.5527,3.6805894611771106
2018-02-26,174.9447,3.06375581366086
2018-02-27,174.3777,2.91438062191844
2018-02-28,174.1138,2.160699013093472
2018-03-01,171.064,1.4827633966588973
2018-03-02,172.2468,0.1301775622572899
2018-03-05,172.8431,0.10139622809539733
2018-03-06,172.6964,0.4895035839055777
2018-03-07,171.0933,-0.5184945938845575
2018-03-08,172.9604,-1.5551885121774671
2018-03-09,175.932,-0.9472270012378692
2018-03-12,177.6328,-0.8354754885725976
2018-03-13,175.9222,-1.7441457548878194
2018-03-14,174.4266,-2.4568418344845773
2018-03-15,174.6319,-2.827444855387449
2018-03-16,174.0161,-3.698629579981327
2018-03-19,171.3572,-4.441896486951828
2018-03-20,171.2986,-4.953306483571052
2018-03-21,167.4179,-4.513163645347595
2018-03-22,165.0523,-4.838655279981613
2018-03-23,161.2303,-4.932188662797928
2018-03-26,168.8842,-6.033540231089115
2018-03-27,164.5538,-4.657490329215527
2018-03-28,162.7356,-5.151536138008117
2018-03-29,164.0064,-4.580037897125244
2018-04-02,162.9311,-4.052318636337756
2018-04-03,164.6027,-3.683654842483282
2018-04-04,167.7502,-3.609079939189434
2018-04-05,168.9135,-2.3224824970936773
2018-04-06,164.5929,-1.3565756209396718
2018-04-09,166.2253,-2.444220167098522
2018-04-10,169.3534,-1.9099664132170675
2018-04-11,168.5616,-1.210229880589485
2018-04-12,170.2234,-1.070872711997032
2018-04-13,170.8,-0.6822499684095383
2018-04-16,171.8656,-0.14058881194591522
2018-04-17,174.2311,0.6533317314577103
2018-04-18,173.8401,1.0497247523092033
2018-04-19,168.9135,1.828572572645545
2018-04-20,161.9927,2.1206878129132987
2018-04-23,161.5235,3.18353800026536
2018-04-24,159.2753,3.9561204292790886
2018-04-25,159.9693,4.523479196158648
2018-04-26,160.5265,5.580568342962265
2018-04-27,158.6692,5.964836850029945
2018-04-30,161.543,6.289017090392113
2018-05-01,165.2967,6.909241772443771
2018-05-02,172.5987,7.3634856850762365
2018-05-03,172.9115,7.19621498175621
2018-05-04,179.6954,6.599550296744347
2018-05-07,180.9955,7.226843554610014
2018-05-08,181.8655,6.3231499379062654
2018-05-09,183.146,6.104395808005332
2018-05-10,185.7657,5.89044743641019
2018-05-11,185.0592,6.285098246932984
2018-05-14,184.6274,6.212118656847476
2018-05-15,182.9495,6.0678472124826905
2018-05-16,184.6569,6.5821693361485005
2018-05-17,183.4892,6.76848810308838
2018-05-18,182.8219,6.869196270030738
2018-05-21,184.1172,6.561186169793128
2018-05-22,183.656,6.771307461071014
2018-05-23,184.8335,6.4620692209184165
2018-05-24,184.6274,5.865226979558945
2018-05-25,185.0494,5.431939663349628
2018-05-29,184.3821,5.35229870228076
2018-05-30,183.9896,4.792110565475464
2018-05-31,183.3714,4.355632978251457
2018-06-01,186.6783,3.861114918384075
2018-06-04,188.2386,3.285353969844818
2018-06-05,189.6908,2.910353073317051
2018-06-06,190.3483,2.4883794776227472
2018-06-07,189.838,2.239853170018196
2018-06-08,188.111,1.7676887235617635
2018-06-11,187.6498,1.2076382555201053
2018-06-12,188.6801,0.7453762724637687
2018-06-13,187.1297,0.8247010449494422
2018-06-14,187.2278,0.23339088024498522
2018-06-15,185.3045,-0.08226950121635572
2018-06-18,185.2064,-0.3528065845422745
2018-06-19,182.2135,-0.7732727176775039
2018-06-20,183.0083,-1.8025168093342778
2018-06-21,181.9878,-2.2678297190351486
2018-06-22,181.4579,-2.831875110854983
2018-06-25,178.7594,-3.1238368212444785
2018-06-26,180.9771,-3.9066408842647076
2018-06-27,180.7122,-3.9743410328235624
2018-06-28,182.027,-4.032553212907314
2018-06-29,181.6444,-4.070307461988449
2018-07-02,183.6756,-4.333855872136116
2018-07-03,180.4766,-4.164271436344623
2018-07-05,181.9289,-4.838885120155334
2018-07-06,184.4508,-4.947809823097228
2018-07-09,187.0119,-4.476942371318579
2018-07-10,186.7863,-3.580412023708105
2018-07-11,184.3625,-3.2699339255392554
2018-07-12,187.4535,-2.8526424124860763
2018-07-13,187.7479,-1.7089776250051258
2018-07-16,187.3358,-1.022927506281972
2018-07-17,187.8656,-0.7254786276245118
2018-07-18,186.8353,-0.06933130318171159
2018-07-19,188.2876,0.781000445174694
2018-07-20,187.8558,1.2632650029069183
2018-07-23,188.0227,1.893242391997814
2018-07-24,189.3866,3.2586303325624466
2018-07-25,191.1726,3.9576888295583723
2018-07-26,190.574,5.098338306598664
2018-07-27,187.4044,5.2507407366752625
2018-07-30,186.3545,5.829960104079247
2018-07-31,186.7274,6.1351594294776906
2018-08-01,197.7275,6.887434878134727
2018-08-02,203.5072,7.997628827087404
2018-08-03,204.096,8.449771688232422
2018-08-06,205.1558,8.35122956181717
2018-08-07,203.2325,8.297149931383133
2018-08-08,203.3699,9.532432643198014
2018-08-09,204.9693,10.270679637850286
2018-08-10,204.3588,10.725288021434785
2018-08-13,205.6783,11.799939601812364
2018-08-14,206.5449,12.06455270794201
2018-08-15,207.0274,12.276735323633195
2018-08-16,210.0603,12.169077109458447
2018-08-17,214.2552,11.993024398132325
2018-08-20,212.1676,12.05549286875534
2018-08-21,211.754,11.141692928915024
2018-08-22,211.7639,9.91365923511982
2018-08-23,212.1972,8.944016179452897
2018-08-24,212.8569,8.254631733381272
2018-08-27,214.6097,7.146883016628027
2018-08-28,216.3428,6.915188838592529
2018-08-29,219.5727,6.08196272330904
2018-08-30,221.5914,4.940125737706661
2018-08-31,224.1517,4.3732677498809105
2018-09-04,224.8705,3.772234290795326
2018-09-05,223.4033,3.0655997649879456
2018-09-06,219.6909,2.2876265420805217
2018-09-07,217.9184,1.3576829944601059
2018-09-10,214.9938,0.6952626983274222
2018-09-11,220.4294,-0.5640738321507572
2018-09-12,217.6919,-1.2990206644955873
2018-09-13,222.9503,-2.4507353675979378
2018-09-14,220.4196,-2.8392340734715464
2018-09-17,214.5507,-4.0956407167139055
2018-09-18,214.9052,-5.136364136047364
2018-09-19,215.0331,-5.800448640346527
2018-09-20,216.6678,-5.187468403864861
2018-09-21,214.334,-4.976700630044937
2018-09-24,217.4162,-5.185246240751266
2018-09-25,218.7948,-4.104690184906483
2018-09-26,217.0518,-4.075340952391863
2018-09-27,221.5126,-3.8684817840082646
2018-09-28,222.2905,-3.1655951140111687
2018-10-01,223.7873,-2.4864301685826775
2018-10-02,225.7765,-2.1860982684504986
2018-10-03,228.5238,-2.087053738933325
2018-10-04,224.5062,-0.7342033018348217
2018-10-05,220.8627,-0.9904063158445358
2018-10-08,220.3507,-0.18378101239313185
2018-10-09,223.4033,-0.4223845274589956
2018-10-10,213.0539,1.0714864234325885
2018-10-11,211.1731,-0.10484475849624351
2018-10-12,218.716,-0.9659396662533284
2018-10-15,214.0386,0.3886647643938661
2018-10-16,218.7554,0.17177722000424567
2018-10-17,217.8101,0.016838617797856684
2018-10-18,212.7191,-0.31044657770937684
2018-10-19,215.9588,0.015546497117578984
2018-10-22,217.2783,-0.7854213494319321
2018-10-23,219.3265,-0.15303991915162654
2018-10-24,211.8033,0.4374271081548482
2018-10-25,216.4413,-0.5718397894629836
2018-10-26,212.9948,0.7071950144606829
2018-10-29,208.9969,0.10082884485304727
2018-10-30,210.0406,0.44118324179577834
2018-10-31,215.5157,-0.7077516660577655
2018-11-01,218.8243,0.1795392962928265
2018-11-02,204.3096,0.5603838653633594
2018-11-05,198.5096,-0.8177361442041398
2018-11-06,200.6563,-1.81259614591825
2018-11-07,206.7418,-1.577790540510297
2018-11-08,206.0205,0.7780103086897731
2018-11-09,202.0481,-0.539399219220996
2018-11-12,191.8701,-0.16306754315245897
2018-11-13,189.9531,-0.3110951460195333
2018-11-14,184.5874,0.08611328824380786
2018-11-15,189.1428,-0.070487176917091
2018-11-16,191.2377,1.323721836078465
2018-11-19,183.6585,2.610259760195017
2018-11-20,174.8837,1.7195169165197612
2018-11-21,174.6861,1.7542208990825414
2018-11-23,170.2493,3.0563890889711383
2018-11-26,172.5517,3.2199764974466563
2018-11-27,172.1762,4.118668095061779
2018-11-28,178.7968,4.879895986541747
2018-11-29,177.4233,5.396642859417916
2018-11-30,176.4648,3.5301037917480467
2018-12-03,182.6309,3.3393279067515134
2018-12-04,174.5972,4.507418296440124
2018-12-06,172.6505,3.686485382323265
2018-12-07,166.4943,3.2296965637006765
2018-12-10,167.5911,2.778100430214286
2018-12-11,166.6326,3.916840873758316
2018-12-12,167.097,3.0562579063153272
2018-12-13,168.9251,3.5388520137064456
2018-12-14,163.5199,4.371980648474693
2018-12-17,161.9982,3.034732487116814
2018-12-18,164.1029,2.123892020735026
2018-12-19,158.9843,2.342195123064518
2018-12-20,154.9724,2.1575248184514044
2018-12-21,148.9446,1.2999829534907343
2018-12-24,145.0908,1.556026518167496
2018-12-26,155.3083,0.911956985608995
2018-12-27,154.3004,2.0866643476443287
2018-12-28,154.3795,0.9161781323611737
2018-12-31,155.8716,0.3897759017021656
2019-01-02,156.0495,0.1983475038926303
2019-01-03,140.5058,-0.5940187484059334
2019-01-04,146.5039,-2.654081898229003
2019-01-07,146.1778,-1.1867355116271971
2019-01-08,148.9644,-1.1570564241614343
2019-01-09,151.4941,-1.234491349984169
2019-01-10,151.9783,-0.6946357913486958
2019-01-11,150.4862,-0.14247898324778677
2019-01-14,148.2233,-1.0925738302268386
2019-01-15,151.2569,-1.0166788669760227
2019-01-16,153.1048,0.4041861295602322
2019-01-17,154.0139,-0.027021735452974215
2019-01-18,154.9625,0.29760436522401873
2019-01-22,151.4842,0.4941211574987172
2019-01-23,152.0968,0.8145652885999679
2019-01-24,150.8913,2.2431074975352288
2019-01-25,155.8914,1.5967452159547806
2019-01-28,154.4487,2.6300611475400926
2019-01-29,152.8478,2.5150219109897614
2019-01-30,163.2926,2.5214338148436544
2019-01-31,164.4686,2.6653283074216843
2019-02-01,164.5476,3.601864399575233
2019-02-04,169.2216,3.3208046099739073
2019-02-05,172.1169,3.9759618453140257
2019-02-06,172.1762,4.92816187785387
2019-02-07,168.9153,5.346156293349266
2019-02-08,169.1137,5.7263058644621365
2019-02-11,168.1412,6.457109004713058
2019-02-12,169.5901,7.117356092799187
2019-02-13,168.8855,7.8377711586666114
2019-02-14,169.5008,7.822969108520508
2019-02-15,169.1237,8.426080421404839
2019-02-19,169.6298,8.147371824468612
2019-02-20,170.7214,8.341232144298552
2019-02-21,169.7588,7.916057012527466
2019-02-22,171.6543,7.790968021028996
2019-02-25,172.9047,7.301026013694763
2019-02-26,173.0039,6.984675920458317
2019-02-27,173.5398,7.152466881045342
2019-02-28,171.8329,6.48585679817462
2019-03-01,173.639,6.20639087073803
2019-03-04,174.5124,5.889938708424569
2019-03-05,174.1948,5.425980315241813
2019-03-06,173.1925,4.940734700453281
2019-03-07,171.1878,4.189890364929199
2019-03-08,171.5947,4.24177578185153
2019-03-11,177.5391,4.1257942912330625
2019-03-12,179.5339,3.9695372715792656
2019-03-13,180.3278,3.7818409206633565
2019-03-14,182.3324,3.3309808505482676
2019-03-15,184.7042,2.8044542485508916
2019-03-18,186.5898,2.3980541111354827
2019-03-19,185.1111,2.112764052360177
2019-03-20,186.7287,1.828501977227926
2019-03-21,193.606,1.523660757216215
2019-03-22,189.5967,1.435998128237307
2019-03-25,187.3043,1.1517189441610576
2019-03-26,185.3691,0.8353614969601035
2019-03-27,187.0363,0.7556373248715996
2019-03-28,187.2844,1.4928651762483118
2019-03-29,188.5051,1.311577711965084
2019-04-01,189.7853,1.6662888429012894
2019-04-02,192.5441,1.5312092478001713
2019-04-03,193.864,1.808704376001358
2019-04-04,194.2014,1.6306540254907609
2019-04-05,195.5015,1.8833354965648055
2019-04-08,198.5779,2.3293712760163547
2019-04-09,197.9825,2.4293958478569984
2019-04-10,199.0939,2.4641006789607998
2019-04-11,197.4366,2.555894208170414
2019-04-12,197.3572,3.0690151677646638
2019-04-15,197.7145,3.265083591527343
2019-04-16,197.7343,3.4498631715633867
2019-04-17,201.5848,4.245972704936982
2019-04-18,202.3093,3.889256441982627
2019-04-22,202.9742,4.315957721119404
2019-04-23,205.9017,4.872236927310706
2019-04-24,205.5842,4.624256392570496
2019-04-25,203.7185,5.050764159110785
2019-04-26,202.7459,5.348804236961842
2019-04-29,203.0536,6.128901023988724
2019-04-30,199.1435,6.688355527848005
2019-05-01,208.9186,7.2352168474850655
2019-05-02,207.5591,7.496191427731991
2019-05-03,210.1393,8.485308923870086
2019-05-06,206.8941,8.777715649206163
2019-05-07,201.3169,8.290372076597214
2019-05-08,201.3566,9.38524603510189
2019-05-09,199.1932,8.775835277873993
2019-05-10,196.4337,8.891168168323517
2019-05-13,185.017,8.423567231721877
2019-05-14,187.9459,8.397841213597298
2019-05-15,190.1974,9.359591387958526
2019-05-16,189.3605,9.176556474878788
2019-05-17,188.2846,9.73184498357582
2019-05-20,182.397,8.356361230072974
2019-05-21,185.8937,8.240543786666393
2019-05-22,182.0882,7.428694827842712
2019-05-23,178.98,7.099114188766479
2019-05-24,178.2926,7.367857834688186
2019-05-28,177.5554,6.534378345230579
2019-05-29,176.7086,7.639862622026443
2019-05-30,177.6251,6.955314245522022
2019-05-31,174.4073,6.446262803659915
2019-06-03,172.644,6.342545040435791
2019-06-04,178.9601,5.723047487725735
2019-06-05,181.8491,5.837630190579414
2019-06-06,184.5189,5.898303808701038
2019-06-07,189.4303,5.791635195243358
2019-06-10,191.8511,5.538094184744597
2019-06-11,194.0726,6.295750690859318
2019-06-12,193.455,6.083014011168481
2019-06-13,193.4151,5.56355562841916
2019-06-14,192.0105,5.452800014748574
2019-06-17,193.1561,4.972566788788081
2019-06-18,197.6989,4.901762393402815
2019-06-19,197.121,4.51850737074852
2019-06-20,198.705,4.368219429767132
2019-06-21,198.0276,4.1528429758758545
2019-06-24,197.8284,3.4094876016740794
2019-06-25,194.8298,3.271261825329781
2019-06-26,199.0437,2.598817382597923
2019-06-27,198.984,2.869024131259918
2019-06-28,197.1709,2.7266049213550088
2019-07-01,200.7871,2.6237798034060003
2019-07-02,201.9626,2.3361151478481292
2019-07-03,203.6363,2.6031550162035226
2019-07-05,203.457,2.622800429019928
2019-07-08,199.2629,2.142175086609125
2019-07-09,200.4783,1.646813451138854
2019-07-10,202.4608,0.6788128654403687
2019-07-11,200.9864,1.0788691730508804
2019-07-12,202.5305,0.7179630086004734
2019-07-15,204.4333,0.3335812687059343
2019-07-16,203.726,0.6016599641633034
2019-07-17,202.5803,-0.27266103641036155
2019-07-18,204.8816,-1.125846227845192
2019-07-19,201.8232,-1.6944312529392243
2019-07-22,206.4357,-3.138653894440412
2019-07-23,208.0495,-3.7890476202756167
2019-07-24,207.8802,-3.21755648694849
2019-07-25,206.2364,-3.8929127643461228
2019-07-26,206.9537,-4.814677047307014
2019-07-29,208.8863,-4.473853908939839
2019-07-30,207.9897,-4.2550130547337535
2019-07-31,212.2336,-5.200350240570068
2019-08-01,207.6411,-5.422415693366289
2019-08-02,203.2478,-6.729691398475648
2019-08-05,192.6082,-7.160295652862549
2019-08-06,196.2543,-8.943039251166343
2019-08-07,198.2866,-8.39000422081089
2019-08-08,202.66,-8.400886060523986
2019-08-09,200.99,-8.562498397541047
2019-08-12,200.48,-10.512893886566163
2019-08-13,208.97,-12.535676997184753
2019-08-14,202.75,-11.695853875875473
2019-08-15,201.74,-13.81534577035904
2019-08-16,206.5,-15.133196496963501
2019-08-19,210.35,-16.019353644847868
2019-08-20,210.36,-16.332552892684937
2019-08-21,212.64,-19.133398205566404
2019-08-22,212.46,-18.824538809394838
2019-08-23,202.64,-17.866083541870115
2019-08-26,206.49,-19.410963094425203
2019-08-27,204.16,-18.598862371826172
2019-08-28,205.53,-19.26627944440842
2019-08-29,209.01,-19.66787257347107
2019-08-30,208.74,-19.6094338514328
2019-09-03,205.7,-18.94051503944397
2019-09-04,209.19,-20.0008291929245
2019-09-05,213.28,-20.21493808441162
